,height,Q
0,0.001,1.957090780013048e-05
1,0.11119317408346349,0.5906600258025659
2,0.1522013176078653,1.1813004806973317
3,0.1846650812973498,1.7719409355920974
4,0.21712884498683432,2.3625813904868633
5,0.24785731941143,2.9532218453816292
6,0.2661681001664085,3.5438623002763947
7,0.284478880921387,4.134502755171161
8,0.30278966167636556,4.7251432100659265
9,0.32110044243134406,5.315783664960692
10,0.33941122318632255,5.906424119855458
11,0.3577220039413011,6.497064574750224
12,0.3735139436671154,7.087705029644989
13,0.38614077400938607,7.678345484539755
14,0.3987676043516567,8.26898593943452
15,0.4113944346939274,8.859626394329286
16,0.424021265036198,9.450266849224052
17,0.4366480953784687,10.040907304118818
18,0.44927492572073935,10.631547759013584
19,0.46190175606301004,11.22218821390835
20,0.4745285864052807,11.812828668803116
21,0.48715541674755136,12.403469123697882
22,0.49750129984522706,12.994109578592647
23,0.5071147523634405,13.584750033487413
24,0.5167282048816539,14.175390488382178
25,0.5263416573998674,14.766030943276943
26,0.5359551099180808,15.35667139817171
27,0.5455685624362943,15.947311853066475
28,0.5551820149545077,16.53795230796124
29,0.5647954674727211,17.12859276285601
30,0.5744089199909346,17.719233217750773
31,0.5840223725091481,18.30987367264554
32,0.5936358250273615,18.900514127540305
33,0.6032492775455749,19.49115458243507
34,0.6127988963101051,20.081795037329837
35,0.6205646227347759,20.6724354922246
36,0.6283303491594466,21.26307594711937
37,0.6360960755841175,21.853716402014133
38,0.6438618020087883,22.4443568569089
39,0.6516275284334591,23.034997311803664
40,0.6593932548581299,23.625637766698432
41,0.6671589812828007,24.216278221593196
42,0.6749247077074716,24.806918676487964
43,0.6826904341321424,25.397559131382728
44,0.6904561605568132,25.988199586277496
45,0.698221886981484,26.57884004117226
46,0.7059876134061549,27.169480496067028
47,0.7137533398308257,27.76012095096179
48,0.7215190662554964,28.350761405856556
49,0.7292847926801673,28.941401860751323
50,0.7366971291385278,29.532042315646088
51,0.7432232001631507,30.122682770540855
52,0.7497492711877736,30.71332322543562
53,0.7562753422123965,31.303963680330387
54,0.7628014132370193,31.89460413522515
55,0.7693274842616423,32.48524459011992
56,0.7758535552862652,33.07588504501469
57,0.7823796263108881,33.666525499909454
58,0.788905697335511,34.25716595480422
59,0.7954317683601339,34.84780640969898
60,0.8019578393847567,35.43844686459375
61,0.8084839104093797,36.02908731948852
62,0.8150099814340026,36.619727774383286
63,0.8215360524586254,37.210368229278046
64,0.8280621234832484,37.801008684172814
65,0.8345881945078713,38.39164913906758
66,0.8411142655324941,38.98228959396234
67,0.847640336557117,39.57293004885711
68,0.8541664075817399,40.16357050375188
69,0.86021160554788,40.754210958646645
70,0.8658535789959724,41.344851413541406
71,0.8714955524440647,41.93549186843617
72,0.8771375258921571,42.52613232333094
73,0.8827794993402495,43.11677277822571
74,0.8884214727883418,43.70741323312047
75,0.8940634462364342,44.29805368801524
76,0.8997054196845266,44.888694142910005
77,0.9053473931326189,45.47933459780477
78,0.9109893665807112,46.06997505269953
79,0.9166313400288035,46.6606155075943
80,0.9222733134768959,47.25125596248907
81,0.9279152869249883,47.84189641738383
82,0.9335572603730806,48.4325368722786
83,0.939199233821173,49.023177327173364
84,0.9448412072692653,49.61381778206813
85,0.9504831807173577,50.20445823696289
86,0.9561251541654501,50.79509869185766
87,0.9617671276135424,51.38573914675243
88,0.9674091010616348,51.976379601647196
89,0.9730510745097272,52.567020056541956
90,0.9786930479578195,53.157660511436724
91,0.9837643991155073,53.74830096633149
92,0.9887474678849539,54.33894142122626
93,0.9937305366544005,54.92958187612102
94,0.9987136054238471,55.52022233101579
95,1.0036966741932938,56.110862785910555
96,1.0086797429627405,56.701503240805316
97,1.013662811732187,57.292143695700084
98,1.0186458805016338,57.88278415059485
99,1.0236289492710804,58.47342460548962
100,1.0286120180405272,59.06406506038438
101,1.0335950868099737,59.65470551527915
102,1.0385781555794205,60.245345970173915
103,1.043561224348867,60.83598642506868
104,1.0485442931183138,61.42662687996344
105,1.0535273618877603,62.01726733485821
106,1.058510430657207,62.60790778975298
107,1.0634934994266536,63.198548244647746
108,1.0684765681961004,63.78918869954251
109,1.073459636965547,64.37982915443727
110,1.0784427057349935,64.97046960933203
111,1.0834257745044402,65.5611100642268
112,1.0884088432738868,66.15175051912156
113,1.0933919120433335,66.74239097401633
114,1.0983749808127803,67.3330314289111
115,1.1031947768202146,67.92367188380587
116,1.1076702810061259,68.51431233870063
117,1.1121457851920373,69.10495279359539
118,1.1166212893779488,69.69559324849016
119,1.1210967935638603,70.28623370338492
120,1.1255722977497715,70.87687415827969
121,1.130047801935683,71.46751461317446
122,1.1345233061215945,72.05815506806923
123,1.138998810307506,72.648795522964
124,1.1434743144934174,73.23943597785876
125,1.1479498186793287,73.83007643275351
126,1.1524253228652401,74.42071688764828
127,1.1569008270511516,75.01135734254305
128,1.161376331237063,75.60199779743782
129,1.1658518354229745,76.19263825233259
130,1.170327339608886,76.78327870722735
131,1.1748028437947973,77.37391916212212
132,1.1792783479807087,77.96455961701687
133,1.1837538521666202,78.55520007191164
134,1.1882293563525317,79.14584052680641
135,1.192704860538443,79.73648098170118
136,1.1971803647243544,80.32712143659595
137,1.2016558689102659,80.91776189149071
138,1.2061313730961774,81.50840234638548
139,1.2106068772820888,82.09904280128025
140,1.215082381468,82.689683256175
141,1.2195578856539115,83.28032371106977
142,1.224033389839823,83.87096416596454
143,1.2281103173466084,84.4616046208593
144,1.2321847504589114,85.05224507575407
145,1.2362591835712142,85.64288553064884
146,1.240333616683517,86.23352598554361
147,1.2444080497958199,86.82416644043836
148,1.2484824829081227,87.41480689533313
149,1.2525569160204255,88.0054473502279
150,1.2566313491327286,88.59608780512266
151,1.2607057822450314,89.18672826001743
152,1.2647802153573342,89.7773687149122
153,1.268854648469637,90.36800916980697
154,1.2729290815819398,90.95864962470174
155,1.2770035146942427,91.54929007959649
156,1.2810779478065455,92.13993053449126
157,1.2851523809188485,92.73057098938602
158,1.2892268140311514,93.32121144428079
159,1.2933012471434542,93.91185189917556
160,1.297375680255757,94.50249235407033
161,1.3014501133680598,95.0931328089651
162,1.3055245464803626,95.68377326385985
163,1.3095989795926655,96.27441371875462
164,1.3136734127049685,96.86505417364938
165,1.3177478458172713,97.45569462854415
166,1.3218222789295742,98.04633508343892
167,1.325896712041877,98.63697553833369
168,1.3299711451541798,99.22761599322845
169,1.3340455782664828,99.81825644812322
170,1.3381200113787854,100.40889690301798
171,1.3421944444910885,100.99953735791274
172,1.3462688776033913,101.59017781280751
173,1.3500278059576245,102.18081826770228
174,1.3537789204720996,102.77145872259705
175,1.3575300349865747,103.36209917749181
176,1.3612811495010497,103.95273963238658
177,1.3650322640155246,104.54338008728134
178,1.3687833785299997,105.1340205421761
179,1.3725344930444745,105.72466099707087
180,1.3762856075589496,106.31530145196564
181,1.3800367220734246,106.9059419068604
182,1.3837878365878997,107.49658236175517
183,1.3875389511023746,108.08722281664994
184,1.3912900656168496,108.67786327154471
185,1.3950411801313245,109.26850372643946
186,1.3987922946457996,109.85914418133423
187,1.4025434091602746,110.449784636229
188,1.4062945236747497,111.04042509112377
189,1.4100456381892246,111.63106554601853
190,1.4137967527036996,112.2217060009133
191,1.4175478672181747,112.81234645580807
192,1.4212989817326496,113.40298691070282
193,1.4250500962471246,113.99362736559759
194,1.4288012107615997,114.58426782049236
195,1.4325523252760746,115.17490827538712
196,1.4363034397905496,115.76554873028189
197,1.4400545543050247,116.35618918517666
198,1.4438056688194998,116.94682964007143
199,1.4475567833339746,117.5374700949662
200,1.4513078978484497,118.12811054986095
201,1.4550590123629246,118.71875100475572
202,1.4588101268773996,119.30939145965048
203,1.4625612413918747,119.90003191454525
204,1.4663123559063498,120.49067236944002
205,1.4699653489240574,121.08131282433479
206,1.4734516686923778,121.67195327922956
207,1.4769379884606983,122.26259373412432
208,1.480424308229019,122.85323418901908
209,1.4839106279973393,123.44387464391384
210,1.48739694776566,124.03451509880861
211,1.4908832675339805,124.62515555370338
212,1.494369587302301,125.21579600859815
213,1.4978559070706214,125.80643646349291
214,1.501342226838942,126.39707691838768
215,1.5048285466072626,126.98771737328244
216,1.508314866375583,127.5783578281772
217,1.5118011861439036,128.16899828307197
218,1.5152875059122242,128.75963873796675
219,1.5187738256805448,129.3502791928615
220,1.5222601454488651,129.94091964775626
221,1.5257464652171857,130.53156010265104
222,1.529232784985506,131.1222005575458
223,1.5327191047538269,131.71284101244058
224,1.5362054245221473,132.30348146733533
225,1.5396917442904678,132.8941219222301
226,1.5431780640587882,133.48476237712487
227,1.5466643838271088,134.07540283201962
228,1.5501507035954294,134.6660432869144
229,1.5536370233637498,135.25668374180916
230,1.5571233431320706,135.84732419670394
231,1.560609662900391,136.4379646515987
232,1.5640959826687115,137.02860510649347
233,1.567582302437032,137.61924556138823
234,1.5710686222053525,138.20988601628298
235,1.574554941973673,138.80052647117776
236,1.5780412617419934,139.39116692607251
237,1.581527581510314,139.9818073809673
238,1.5850139012786346,140.57244783586205
239,1.5885002210469552,141.16308829075683
240,1.5919231160124392,141.75372874565159
241,1.5951898425852329,142.34436920054634
242,1.5984565691580266,142.93500965544112
243,1.6017232957308203,143.52565011033587
244,1.604990022303614,144.11629056523066
245,1.6082567488764077,144.7069310201254
246,1.6115234754492014,145.2975714750202
247,1.6147902020219949,145.88821192991495
248,1.6180569285947888,146.47885238480973
249,1.6213236551675823,147.06949283970448
250,1.624590381740376,147.66013329459923
251,1.6278571083131697,148.25077374949402
252,1.6311238348859634,148.84141420438877
253,1.634390561458757,149.43205465928355
254,1.6376572880315505,150.0226951141783
255,1.6409240146043444,150.6133355690731
256,1.644190741177138,151.20397602396784
257,1.6474574677499316,151.7946164788626
258,1.6507241943227253,152.38525693375738
259,1.653990920895519,152.97589738865213
260,1.6572576474683127,153.5665378435469
261,1.6605243740411062,154.15717829844166
262,1.6637911006139001,154.74781875333645
263,1.6670578271866936,155.3384592082312
264,1.6703245537594873,155.92909966312595
265,1.673591280332281,156.51974011802074
266,1.6768580069050747,157.1103805729155
267,1.6801247334778684,157.70102102781027
268,1.6833914600506619,158.29166148270502
269,1.6866581866234558,158.8823019375998
270,1.6899249131962493,159.47294239249456
271,1.6931916397690432,160.06358284738934
272,1.6964583663418367,160.6542233022841
273,1.6997250929146304,161.24486375717885
274,1.702991819487424,161.83550421207363
275,1.7062585460602178,162.42614466696838
276,1.7095252726330115,163.01678512186317
277,1.712791999205805,163.60742557675792
278,1.7159026266248432,164.1980660316527
279,1.7189854616938067,164.78870648654745
280,1.7220682967627703,165.3793469414422
281,1.725151131831734,165.969987396337
282,1.7282339669006979,166.56062785123174
283,1.7313168019696616,167.15126830612652
284,1.7343996370386252,167.74190876102128
285,1.737482472107589,168.33254921591606
286,1.7405653071765526,168.9231896708108
287,1.7436481422455163,169.51383012570557
288,1.7467309773144801,170.10447058060035
289,1.7498138123834437,170.6951110354951
290,1.7528966474524075,171.28575149038988
291,1.755979482521371,171.87639194528464
292,1.7590623175903348,172.46703240017942
293,1.7621451526592986,173.05767285507417
294,1.7652279877282622,173.64831330996893
295,1.768310822797226,174.2389537648637
296,1.7713936578661895,174.82959421975846
297,1.7744764929351533,175.42023467465324
298,1.777559328004117,176.010875129548
299,1.7806421630730809,176.60151558444278
300,1.7837249981420444,177.19215603933753
301,1.7868078332110082,177.78279649423231
302,1.7898906682799718,178.37343694912707
303,1.7929735033489356,178.96407740402182
304,1.7960563384178994,179.5547178589166
305,1.799139173486863,180.14535831381136
306,1.8022220085558267,180.73599876870614
307,1.8053048436247903,181.3266392236009
308,1.808387678693754,181.91727967849567
309,1.8114705137627178,182.50792013339043
310,1.8145533488316814,183.09856058828518
311,1.8176361839006452,183.68920104317996
312,1.8207190189696087,184.27984149807472
313,1.8238018540385725,184.8704819529695
314,1.8268846891075363,185.46112240786425
315,1.8299675241765,186.05176286275903
316,1.8330503592454637,186.6424033176538
317,1.836105953332923,187.23304377254854
318,1.8390336608923836,187.82368422744332
319,1.841961368451844,188.41432468233808
320,1.8448890760113048,189.00496513723286
321,1.8478167835707655,189.5956055921276
322,1.8507444911302262,190.1862460470224
323,1.8536721986896867,190.77688650191715
324,1.8565999062491474,191.3675269568119
325,1.859527613808608,191.95816741170668
326,1.8624553213680686,192.54880786660144
327,1.8653830289275293,193.13944832149622
328,1.8683107364869898,193.73008877639097
329,1.8712384440464505,194.32072923128575
330,1.8741661516059112,194.9113696861805
331,1.8770938591653719,195.5020101410753
332,1.8800215667248323,196.09265059597004
333,1.882949274284293,196.6832910508648
334,1.8858769818437537,197.27393150575958
335,1.8888046894032142,197.86457196065433
336,1.891732396962675,198.4552124155491
337,1.8946601045221354,199.04585287044387
338,1.897587812081596,199.63649332533865
339,1.9005155196410568,200.2271337802334
340,1.9034432272005173,200.81777423512816
341,1.906370934759978,201.40841469002294
342,1.9092986423194387,201.9990551449177
343,1.9122263498788994,202.58969559981247
344,1.9151540574383599,203.18033605470723
345,1.9180817649978206,203.770976509602
346,1.921009472557281,204.36161696449676
347,1.9239371801167418,204.95225741939151
348,1.9268648876762025,205.5428978742863
349,1.929792595235663,206.13353832918105
350,1.9327203027951236,206.72417878407583
351,1.9356480103545843,207.31481923897059
352,1.938575717914045,207.90545969386537
353,1.9415034254735055,208.49610014876012
354,1.944431133032966,209.08674060365487
355,1.9473588405924267,209.67738105854966
356,1.9502865481518874,210.2680215134444
357,1.953214255711348,210.8586619683392
358,1.9561419632708086,211.44930242323395
359,1.9590170302375987,212.03994287812873
360,1.9618132069195229,212.63058333302348
361,1.964609383601447,213.22122378791826
362,1.9674055602833713,213.81186424281302
363,1.9702017369652955,214.40250469770777
364,1.9729979136472198,214.99314515260255
365,1.975794090329144,215.5837856074973
366,1.9785902670110682,216.1744260623921
367,1.9813864436929924,216.76506651728684
368,1.9841826203749169,217.35570697218162
369,1.9869787970568409,217.94634742707638
370,1.989774973738765,218.53698788197113
371,1.9925711504206896,219.1276283368659
372,1.9953673271026136,219.71826879176066
373,1.998163503784538,220.30890924665545
374,2.000959680466462,220.8995497015502
375,2.0037558571483864,221.49019015644498
376,2.0065520338303107,222.08083061133974
377,2.009348210512235,222.6714710662345
378,2.012144387194159,223.26211152112927
379,2.0149405638760833,223.85275197602402
380,2.0177367405580076,224.4433924309188
381,2.020532917239932,225.03403288581356
382,2.023329093921856,225.62467334070834
383,2.0261252706037802,226.2153137956031
384,2.0289214472857044,226.80595425049785
385,2.0317176239676287,227.39659470539263
386,2.034513800649553,227.98723516028738
387,2.037309977331477,228.57787561518217
388,2.0401061540134013,229.16851607007692
389,2.0429023306953256,229.7591565249717
390,2.04569850737725,230.34979697986645
391,2.048494684059174,230.94043743476124
392,2.0512908607410982,231.531077889656
393,2.0540870374230225,232.12171834455074
394,2.0568832141049467,232.71235879944552
395,2.059679390786871,233.30299925434028
396,2.0624755674687956,233.89363970923506
397,2.0652717441507193,234.4842801641298
398,2.068067920832644,235.0749206190246
399,2.070864097514568,235.66556107391935
400,2.073660274196492,236.2562015288141
401,2.0764564508784167,236.84684198370888
402,2.0792526275603405,237.43748243860364
403,2.08197501664813,238.02812289349842
404,2.0846593482488154,238.61876334839317
405,2.0873436798495004,239.20940380328796
406,2.090028011450186,239.8000442581827
407,2.092712343050871,240.39068471307746
408,2.0953966746515564,240.98132516797224
409,2.0980810062522415,241.571965622867
410,2.100765337852927,242.16260607776178
411,2.103449669453612,242.75324653265653
412,2.1061340010542975,243.34388698755131
413,2.1088183326549825,243.93452744244607
414,2.111502664255668,244.52516789734085
415,2.114186995856353,245.1158083522356
416,2.116871327457038,245.70644880713036
417,2.1195556590577236,246.29708926202514
418,2.1222399906584086,246.8877297169199
419,2.124924322259094,247.47837017181467
420,2.127608653859779,248.06901062670943
421,2.1302929854604646,248.6596510816042
422,2.1329773170611497,249.25029153649896
423,2.135661648661835,249.84093199139372
424,2.13834598026252,250.4315724462885
425,2.1410303118632057,251.02221290118325
426,2.1437146434638907,251.61285335607803
427,2.146398975064576,252.2034938109728
428,2.1490833066652613,252.79413426586757
429,2.1517676382659467,253.38477472076232
430,2.154451969866632,253.97541517565708
431,2.1571363014673173,254.56605563055186
432,2.1598206330680023,255.1566960854466
433,2.162504964668688,255.7473365403414
434,2.165189296269373,256.33797699523615
435,2.1678736278700583,256.9286174501309
436,2.1705579594707434,257.5192579050257
437,2.173242291071429,258.10989835992046
438,2.175926622672114,258.7005388148152
439,2.1786109542727994,259.29117926970997
440,2.1812952858734844,259.8818197246047
441,2.18397961747417,260.47246017949954
442,2.186663949074855,261.0631006343943
443,2.1893482806755404,261.65374108928904
444,2.1920326122762255,262.2443815441838
445,2.1947169438769105,262.83502199907855
446,2.197401275477596,263.42566245397336
447,2.2000856070782815,264.0163029088681
448,2.2027607314102817,264.60694336376287
449,2.205349906791731,265.1975838186576
450,2.2079390821731812,265.78822427355243
451,2.2105282575546306,266.3788647284472
452,2.2131174329360803,266.96950518334194
453,2.21570660831753,267.5601456382367
454,2.21829578369898,268.15078609313144
455,2.2208849590804296,268.74142654802625
456,2.2234741344618794,269.332067002921
457,2.2260633098433287,269.92270745781576
458,2.2286524852247784,270.5133479127105
459,2.231241660606228,271.1039883676053
460,2.233830835987678,271.6946288225001
461,2.2364200113691277,272.28526927739483
462,2.2390091867505775,272.8759097322896
463,2.241598362132027,273.46655018718434
464,2.244187537513477,274.05719064207915
465,2.2467767128949263,274.6478310969739
466,2.249365888276376,275.23847155186866
467,2.251955063657826,275.8291120067634
468,2.2545442390392756,276.41975246165816
469,2.2571334144207253,277.010392916553
470,2.259722589802175,277.6010333714477
471,2.2623117651836244,278.1916738263425
472,2.264900940565074,278.78231428123723
473,2.267490115946524,279.37295473613204
474,2.2700792913279737,279.9635951910268
475,2.2726684667094235,280.55423564592155
476,2.2752576420908732,281.1448761008163
477,2.2778468174723225,281.73551655571106
478,2.2804359928537727,282.32615701060587
479,2.2830251682352225,282.9167974655006
480,2.285614343616672,283.5074379203954
481,2.2882035189981216,284.09807837529013
482,2.2907926943795713,284.6887188301849
483,2.293381869761021,285.2793592850797
484,2.295971045142471,285.86999973997445
485,2.29856022052392,286.4606401948692
486,2.30114939590537,287.05128064976395
487,2.30373857128682,287.64192110465876
488,2.3063277466682695,288.2325615595535
489,2.308916922049719,288.82320201444827
490,2.311506097431169,289.413842469343
491,2.3140952728126187,290.0044829242378
492,2.3166844481940685,290.5951233791326
493,2.3192736235755183,291.18576383402734
494,2.3218627989569676,291.7764042889221
495,2.3244519743384173,292.36704474381685
496,2.3269717336418436,292.95768519871166
497,2.329480124895744,293.5483256536064
498,2.3319885161496448,294.13896610850117
499,2.3344969074035453,294.7296065633959
500,2.337005298657446,295.3202470182907
501,2.3395136899113465,295.9108874731855
502,2.342022081165247,296.50152792808024
503,2.3445304724191476,297.092168382975
504,2.3470388636730477,297.68280883786974
505,2.3495472549269483,298.2734492927645
506,2.352055646180849,298.8640897476593
507,2.3545640374347494,299.45473020255406
508,2.35707242868865,300.0453706574488
509,2.3595808199425505,300.63601111234357
510,2.362089211196451,301.2266515672384
511,2.3645976024503517,301.81729202213313
512,2.3671059937042522,302.4079324770279
513,2.369614384958153,302.99857293192264
514,2.372122776212053,303.5892133868174
515,2.374631167465954,304.1798538417122
516,2.3771395587198545,304.77049429660696
517,2.3796479499737546,305.3611347515017
518,2.382156341227655,305.95177520639646
519,2.384664732481556,306.5424156612913
520,2.3871731237354563,307.133056116186
521,2.389681514989357,307.7236965710808
522,2.3921899062432574,308.31433702597553
523,2.394698297497158,308.9049774808703
524,2.3972066887510586,309.4956179357651
525,2.399715080004959,310.08625839065985
526,2.4022234712588597,310.6768988455546
527,2.4047318625127603,311.26753930044936
528,2.4072402537666604,311.8581797553441
529,2.4097486450205614,312.4488202102389
530,2.4122570362744615,313.0394606651337
531,2.414765427528362,313.6301011200284
532,2.4172738187822627,314.2207415749232
533,2.4197822100361632,314.811382029818
534,2.422290601290064,315.40202248471275
535,2.4247989925439644,315.9926629396075
536,2.427307383797865,316.58330339450225
537,2.4298157750517655,317.173943849397
538,2.432324166305666,317.7645843042918
539,2.4348325575595666,318.35522475918657
540,2.437340948813467,318.9458652140813
541,2.4398493400673673,319.5365056689761
542,2.4423577313212683,320.1271461238709
543,2.444866122575169,320.71778657876564
544,2.447367659394197,321.3084270336604
545,2.4498078396122462,321.89906748855515
546,2.452248019830296,322.4897079434499
547,2.454688200048346,323.0803483983447
548,2.4571283802663952,323.67098885323946
549,2.459568560484445,324.2616293081342
550,2.4620087407024944,324.85226976302897
551,2.4644489209205442,325.4429102179237
552,2.466889101138594,326.03355067281854
553,2.4693292813566434,326.6241911277133
554,2.4717694615746932,327.21483158260804
555,2.4742096417927426,327.8054720375028
556,2.4766498220107924,328.3961124923976
557,2.4790900022288422,328.98675294729236
558,2.4815301824468916,329.5773934021871
559,2.4839703626649414,330.16803385708187
560,2.486410542882991,330.7586743119766
561,2.4888507231010406,331.34931476687143
562,2.4912909033190904,331.9399552217662
563,2.49373108353714,332.53059567666094
564,2.496171263755189,333.1212361315557
565,2.498611443973239,333.71187658645044
566,2.501051624191289,334.30251704134525
567,2.503491804409338,334.89315749624
568,2.505931984627388,335.48379795113476
569,2.5083721648454373,336.0744384060295
570,2.510812345063487,336.6650788609243
571,2.513252525281537,337.2557193158191
572,2.5156927054995863,337.84635977071383
573,2.518132885717636,338.4370002256086
574,2.5205730659356855,339.02764068050334
575,2.5230132461537353,339.61828113539815
576,2.525453426371785,340.2089215902929
577,2.5278936065898345,340.79956204518766
578,2.5303337868078843,341.3902025000824
579,2.532773967025934,341.9808429549772
580,2.5352141472439835,342.571483409872
581,2.5376543274620333,343.1621238647667
582,2.5400945076800827,343.7527643196615
583,2.5425346878981325,344.34340477455623
584,2.5449748681161823,344.93404522945104
585,2.5474150483342317,345.5246856843458
586,2.5498552285522815,346.11532613924055
587,2.552295408770331,346.7059665941353
588,2.5547355889883807,347.29660704903006
589,2.5571757692064305,347.88724750392487
590,2.55961594942448,348.4778879588196
591,2.5620561296425297,349.0685284137144
592,2.564496309860579,349.65916886860913
593,2.566936490078629,350.24980932350394
594,2.5693766702966787,350.8404497783987
595,2.5717610300919853,351.43109023329345
596,2.5741441768200506,352.0217306881882
597,2.576527323548116,352.61237114308295
598,2.578910470276181,353.20301159797776
599,2.5812936170042464,353.7936520528725
600,2.5836767637323117,354.38429250776727
601,2.586059910460377,354.974932962662
602,2.5884430571884423,355.56557341755683
603,2.5908262039165075,356.1562138724516
604,2.593209350644573,356.74685432734634
605,2.5955924973726376,357.3374947822411
606,2.597975644100703,357.92813523713585
607,2.6003587908287686,358.51877569203066
608,2.6027419375568335,359.1094161469254
609,2.6051250842848988,359.70005660182017
610,2.607508231012964,360.2906970567149
611,2.6098913777410293,360.8813375116097
612,2.6122745244690946,361.4719779665045
613,2.61465767119716,362.06261842139924
614,2.617040817925225,362.653258876294
615,2.6194239646532904,363.24389933118874
616,2.6218071113813557,363.83453978608355
617,2.624190258109421,364.4251802409783
618,2.6265734048374862,365.01582069587306
619,2.6289565515655515,365.6064611507678
620,2.631339698293617,366.19710160566257
621,2.633722845021682,366.7877420605574
622,2.6361059917497474,367.37838251545213
623,2.6384891384778126,367.9690229703469
624,2.6408722852058775,368.55966342524164
625,2.6432554319339427,369.1503038801364
626,2.6456385786620085,369.7409443350312
627,2.6480217253900733,370.33158478992596
628,2.6504048721181386,370.9222252448207
629,2.652788018846204,371.51286569971546
630,2.6551711655742696,372.1035061546103
631,2.6575543123023344,372.694146609505
632,2.6599374590303997,373.2847870643998
633,2.662320605758465,373.87542751929453
634,2.6647037524865302,374.4660679741893
635,2.6670868992145955,375.0567084290841
636,2.669470045942661,375.64734888397885
637,2.671853192670726,376.2379893388736
638,2.6742363393987914,376.82862979376836
639,2.6766194861268566,377.41927024866317
640,2.679002632854922,378.0099107035579
641,2.681385779582987,378.6005511584527
642,2.6837689263110525,379.1911916133474
643,2.6861520730391173,379.7818320682422
644,2.688535219767183,380.372472523137
645,2.6909183664952483,380.96311297803175
646,2.693270659356324,381.5537534329265
647,2.695606877067101,382.14439388782125
648,2.697943094777878,382.735034342716
649,2.7002793124886555,383.3256747976108
650,2.7026155301994326,383.91631525250557
651,2.7049517479102096,384.5069557074003
652,2.7072879656209867,385.0975961622951
653,2.7096241833317642,385.6882366171899
654,2.7119604010425413,386.27887707208464
655,2.7142966187533184,386.8695175269794
656,2.7166328364640955,387.46015798187415
657,2.718969054174873,388.0507984367689
658,2.72130527188565,388.6414388916637
659,2.723641489596427,389.23207934655846
660,2.7259777073072042,389.8227198014532
661,2.7283139250179818,390.41336025634797
662,2.730650142728759,391.0040007112428
663,2.732986360439536,391.59464116613754
664,2.7353225781503134,392.1852816210323
665,2.7376587958610905,392.77592207592704
666,2.7399950135718676,393.3665625308218
667,2.742331231282645,393.9572029857166
668,2.744667448993422,394.54784344061136
669,2.7470036667041993,395.1384838955061
670,2.7493398844149763,395.72912435040087
671,2.7516761021257534,396.3197648052956
672,2.754012319836531,396.91040526019043
673,2.756348537547308,397.5010457150852
674,2.758684755258085,398.09168616997994
675,2.761020972968862,398.6823266248747
676,2.7633571906796397,399.2729670797695
677,2.7656934083904168,399.86360753466425
678,2.768029626101194,400.454247989559
679,2.7703658438119714,401.04488844445376
680,2.7727020615227485,401.6355288993485
681,2.7750382792335255,402.2261693542433
682,2.7773744969443026,402.8168098091381
683,2.77971071465508,403.40745026403283
684,2.782046932365857,403.9980907189276
685,2.7843831500766343,404.5887311738224
686,2.786719367787412,405.17937162871715
687,2.789055585498189,405.7700120836119
688,2.791391803208966,406.36065253850666
689,2.793728020919743,406.9512929934014
690,2.7960642386305206,407.5419334482962
691,2.7984004563412976,408.132573903191
692,2.8007366740520747,408.7232143580857
693,2.803072891762852,409.3138548129805
694,2.805409109473629,409.90449526787523
695,2.8077453271844064,410.49513572277004
696,2.8100815448951835,411.0857761776648
697,2.8124177626059605,411.67641663255955
698,2.8250352655539572,412.2670570874543
699,2.8610514236298585,412.8576975423491
700,2.8970675817057563,413.44833799724387
701,2.9330837397816545,414.0389784521386
702,2.9690998978575522,414.6296189070334
703,3.00511605593345,415.22025936192813
704,3.0411322140093513,415.81089981682294
705,3.0771483720852495,416.4015402717177
706,3.1131645301611472,416.99218072661245
707,3.149180688237045,417.5828211815072
708,3.1851968463129428,418.17346163640195
709,3.2212130043888445,418.76410209129676
710,3.2572291624647423,419.3547425461915
711,3.29324532054064,419.94538300108627
712,3.329261478616538,420.536023455981
713,3.365277636692439,421.12666391087583
714,3.4012937947683373,421.7173043657706
715,3.437309952844235,422.30794482066534
716,3.4733261109201328,422.8985852755601
717,3.509342268996031,423.48922573045485
718,3.5453584270719323,424.07986618534966
719,3.58137458514783,424.6705066402444
720,3.6173907432237282,425.26114709513917
721,3.653406901299626,425.8517875500339
722,3.6894230593755273,426.44242800492873
723,3.725439217451425,427.0330684598235
724,3.761455375527323,427.62370891471824
725,3.797471533603221,428.214349369613
726,3.8334876916791187,428.80498982450774
727,3.86950384975502,429.39563027940255
728,3.9055200078309182,429.9862707342973
729,3.9415361659068155,430.57691118919206
730,3.9775523239827137,431.1675516440868
731,4.013568482058611,431.75819209898157
732,4.049584640134513,432.3488325538764
733,4.085600798210411,432.93947300877113
734,4.121616956286308,433.5301134636659
735,4.1576331143622065,434.12075391856064
736,4.193649272438108,434.71139437345545
737,4.229665430514006,435.3020348283502
738,4.265681588589904,435.89267528324496
739,4.301697746665802,436.4833157381397
740,4.337713904741699,437.07395619303446
741,4.373730062817601,437.6645966479293
742,4.409746220893498,438.255237102824
743,4.4457623789693965,438.8458775577188
744,4.481778537045294,439.43651801261353
745,4.517794695121196,440.02715846750834
746,4.553810853197094,440.6177989224031
747,4.589827011272991,441.20843937729785
748,4.625843169348889,441.7990798321926
749,4.6618593274247875,442.38972028708736
750,4.697875485500688,442.98036074198217
751,4.7338916435765865,443.5710011968769
752,4.769907801652485,444.1616416517717
753,4.805923959728382,444.7522821066664
754,4.84194011780428,445.3429225615612
755,4.877956275880182,445.933563016456
756,4.913972433956079,446.52420347135075
757,4.949988592031977,447.1148439262455
758,4.986004750107876,447.70548438114025
759,5.0220209081837766,448.29612483603506
760,5.058037066259674,448.8867652909298
761,5.094053224335572,449.47740574582457
762,5.13006938241147,450.0680462007193
763,5.166085540487368,450.6586866556141
764,5.202101698563269,451.2493271105089
765,5.2381178566391675,451.83996756540364
766,5.274134014715065,452.4306080202984
767,5.310150172790963,453.02124847519315
768,5.346166330866861,453.6118889300879
769,5.382182488942762,454.2025293849827
770,5.418198647018659,454.79316983987746
771,5.4542148050945585,455.3838102947722
772,5.490230963170456,455.97445074966697
773,5.526247121246357,456.5650912045618
774,5.562263279322255,457.15573165945653
775,5.598279437398153,457.7463721143513
776,5.63429559547405,458.33701256924604
777,5.6703117535499485,458.9276530241408
778,5.70632791162585,459.5182934790356
779,5.742344069701748,460.10893393393036
780,5.778360227777646,460.6995743888251
781,5.814376385853544,461.29021484371987
782,5.850392543929445,461.8808552986147
783,5.886408702005343,462.47149575350943
784,5.922424860081241,463.0621362084042
785,5.958441018157139,463.65277666329894
786,5.994457176233036,464.2434171181937
787,6.0351145970878095,464.8340575730885
788,6.076847523877676,465.42469802798325
789,6.11863052820079,466.015338482878
790,6.160463600095797,466.60597893777276
791,6.202347062955653,467.1966193926675
792,6.2442807798512225,467.7872598475623
793,6.286264545296559,468.3779003024571
794,6.328298348682665,468.96854075735183
795,6.370382179265216,469.5591812122466
796,6.412516349990476,470.1498216671414
797,6.45470080660907,470.74046212203615
798,6.4969352686633535,471.3311025769309
799,6.539219724804619,471.92174303182566
800,6.58155417240674,472.5123834867204
801,6.623939237382628,473.1030239416152
802,6.666374272566111,473.69366439651
803,6.708859266037177,474.2843048514047
804,6.751394205757242,474.8749453062995
805,6.793979706103885,475.4655857611943
806,6.836615216804277,476.05622621608904
807,6.879300647444426,476.6468666709838
808,6.922036042276994,477.23750712587855
809,6.964822027271222,477.8281475807733
810,7.007657904412927,478.4187880356681
811,7.050543660732182,479.00942849056287
812,7.093479689981685,479.6000689454576
813,7.136465964024793,480.1907094003524
814,7.179502087647858,480.78134985524713
815,7.222588179294699,481.37199031014194
816,7.2657247956539175,481.9626307650367
817,7.308911230644706,482.55327121993145
818,7.352147470454808,483.1439116748262
819,7.3954343513362115,483.734552129721
820,7.43877103701626,484.32519258461576
821,7.482157494925397,484.9158330395105
822,7.525594566395888,485.50647349440527
823,7.569081437523745,486.0971139493
824,7.612618091315672,486.68775440419483
825,7.656205360047628,487.2783948590896
826,7.699842346991878,487.86903531398434
827,7.743529289452821,488.4596757688791
828,7.787266635977055,489.0503162237739
829,7.831053664882273,489.64095667866866
830,7.874890935401444,490.2315971335634
831,7.9187782828992885,490.82223758845817
832,7.962715275846329,491.4128780433529
833,8.006702907398523,492.00351849824773
834,8.050740175097108,492.5941589531425
835,8.094827550624185,493.18479940803724
836,8.138965069617331,493.775439862932
837,8.183152221149507,494.36608031782674
838,8.227389966575355,494.95672077272155
839,8.271677272672232,495.5473612276163
840,8.316014869590045,496.13800168251106
841,8.360402351718712,496.7286421374058
842,8.40483977881391,497.3192825923006
843,8.449327408910015,497.9099230471954
844,8.49386469101424,498.50056350209013
845,8.538452439725,499.0912039569849
846,8.583089658525212,499.68184441187964
847,8.627777436368673,500.27248486677445
848,8.67251471738632,500.8631253216692
849,8.71730238784844,501.45376577656396
850,8.762139698797892,502.0444062314587
851,8.80702728004864,502.63504668635346
852,8.851964587462987,503.2256871412483
853,8.896952095803254,503.816327596143
854,8.94198936506372,504.4069680510378
855,8.987076814966745,504.99760850593253
856,9.03221401033185,505.58824896082734
857,9.077401414483445,506.1788894157221
858,9.122638499116936,506.76952987061685
859,9.16792586845496,507.3601703255116
860,9.213262804453585,507.95081078040636
861,9.258650148206288,508.54145123530117
862,9.304086924186942,509.1320916901959
863,9.349574222350105,509.7227321450907
864,9.395110997733598,510.3133725999854
865,9.44069805684971,510.90401305488024
866,9.486334836570377,511.494653509775
867,9.532021615080357,512.0852939646697
868,9.577758402493746,512.6759344195646
869,9.623544857889186,513.2665748744594
870,9.669381654806406,513.8572153293541
871,9.715267963066221,514.4478557842489
872,9.761204550375457,515.0384962391437
873,9.807190881490557,515.6291366940384
874,9.853227043688316,516.2197771489332
875,9.899313395585757,516.8104176038279
876,9.945449297830155,517.4010580587227
877,9.991635456088027,517.9916985136175
878,10.03787138636425,518.5823389685122
879,10.084157011494248,519.172979423407
880,10.130492964057668,519.7636198783017
881,10.17687850006135,520.3542603331965
882,10.2233139758716,520.9449007880913
883,10.269799535637564,521.535541242986
884,10.316334699052534,522.1261816978808
885,10.362919938972155,522.7168221527755
886,10.409555124210943,523.3074626076703
887,10.456239931239347,523.8981030625652
888,10.502974845381365,524.4887435174599
889,10.549759668993797,525.0793839723547
890,10.596594130532925,525.6700244272494
891,10.643478625817268,526.2606648821442
892,10.69041309550773,526.851305337039
893,10.737397217320854,527.4419457919337
894,10.784431197593147,528.0325862468285
895,10.831515316036555,528.6232267017233
896,10.878649098917952,529.213867156618
897,10.925832554642765,529.8045076115128
898,10.973066230067346,530.3951480664075
899,11.020349670001716,530.9857885213023
900,11.067682792592235,531.5764289761971
901,11.115065724716212,532.1670694310918
902,11.162498813032876,532.7577098859866
903,11.20998159207279,533.3483503408813
904,11.257514068655716,533.9389907957761
905,11.305096398661782,534.529631250671
906,11.35272881928221,535.1202717055656
907,11.400410943188167,535.7109121604605
908,11.448142776330249,536.3015526153551
909,11.49592432914273,536.89219307025
910,11.543756079571702,537.4828335251448
911,11.591637542751172,538.0734739800395
912,11.639568723797959,538.6641144349343
913,11.687549627604076,539.254754889829
914,11.735580384446129,539.8453953447238
915,11.783661170433538,540.4360357996186
916,11.831791679982892,541.0266762545133
917,11.879971917194528,541.6173167094081
918,11.92820188595528,542.2079571643029
919,11.97648158994111,542.7985976191976
920,12.024811376251302,543.3892380740924
921,12.073190914386856,543.9798785289871
922,12.121620185438257,544.5705189838819
923,12.170099192337661,545.1611594387767
924,12.21862793781654,545.7517998936714
925,12.267206424407915,546.3424403485662
926,12.315834833340016,546.9330808034609
927,12.364513095671608,547.5237212583557
928,12.413241093888335,548.1143617132506
929,12.462018829824395,548.7050021681453
930,12.510846305125261,549.2956426230401
931,12.55972352124959,549.8862830779348
932,12.608650479471168,550.4769235328296
933,12.657627180880825,551.0675639877244
934,12.706653705536304,551.6582044426191
935,12.755730095805804,552.2488448975139
936,12.804856220360938,552.8394853524086
937,12.854032079650306,553.4301258073034
938,12.903257673948314,554.0207662621982
939,12.952533003357408,554.6114067170929
940,13.001858067809591,555.2020471719877
941,13.051232867068288,555.7926876268825
942,13.100657400730219,556.3833280817772
943,13.150131668227031,556.973968536672
944,13.199655668827,557.5646089915667
945,13.249229401637004,558.1552494464615
946,13.2988528656038,558.7458899013563
947,13.348526059516107,559.336530356251
948,13.398248982006104,559.9271708111459
949,13.44802163155089,560.5178112660406
950,13.497844006474534,561.1084517209354
951,13.547716120275163,561.6990921758302
952,13.597637964867728,562.2897326307249
953,13.647609518911237,562.8803730856197
954,13.697630780193759,563.4710135405144
955,13.747701746357691,564.0616539954092
956,13.79782241490086,564.652294450304
957,13.847992783178338,565.2429349051987
958,13.898212869044372,565.8335753600935
959,13.948482672443719,566.4242158149882
960,13.99880217637551,567.014856269883
961,14.049171377579857,567.6054967247778
962,14.099590272661642,568.1961371796725
963,14.150058858092228,568.7867776345673
964,14.200577130210466,569.377418089462
965,14.25114508522447,569.9680585443568
966,14.301762719212713,570.5586989992516
967,14.352430028125355,571.1493394541463
968,14.403147007785904,571.7399799090412
969,14.453913653892064,572.330620363936
970,14.504729962017496,572.9212608188307
971,14.555595927612814,573.5119012737255
972,14.606511546006939,574.1025417286202
973,14.657476812408555,574.693182183515
974,14.708491721906974,575.2838226384098
975,14.759556397718645,575.8744630933045
976,14.810670781176468,576.4651035481993
977,14.86183480092242,577.055744003094
978,14.913048451530447,577.6463844579888
979,14.96431172746168,578.2370249128836
980,15.015624623065898,578.8276653677783
981,15.066987132582408,579.4183058226731
982,15.11839925014138,580.0089462775678
983,15.169861083867511,580.5995867324626
984,15.221372673573914,581.1902271873574
985,15.272933861280189,581.7808676422521
986,15.324544640642644,582.371508097147
987,15.376205005214445,582.9621485520416
988,15.427914948446434,583.5527890069365
989,15.479674490165406,584.1434294618313
990,15.53148389677022,584.734069916726
991,15.58334286969749,585.3247103716208
992,15.635251401953747,585.9153508265156
993,15.687209486448817,586.5059912814103
994,15.739217115997091,587.0966317363051
995,15.79127455126035,587.6872721911998
996,15.843381625232576,588.2779126460946
997,15.89553822976328,588.8685531009894
998,15.94774435725007,589.4591935558841
999,16.0,590.0498340107789
